Instructions,AvgEnergy,EnergyPerInstruction,Duration;
1,106.8,1159.314,10855;
201,106.8,10.4260179104478,19622;
401,106.8,5.09763591022444,19140;
601,106.8,2.78710682196339,15684;
801,106.8,2.37493333333333,17812;
1001,106.8,1.92005274725275,17996;
1201,106.8,1.68452323064113,18943;
1401,106.8,1.24805824411135,16372;
1601,106.8,1.37365746408495,20592;
1801,106.8,1.18802398667407,20034;
